[
    {
        "image_id": 0,
        "category_id": 0,
        "bbox": [
            454.7659606933594,
            468.1990966796875,
            230.43191528320312,
            388.28253173828125
        ],
        "score": 0.9715163111686707
    },
    {
        "image_id": 1,
        "category_id": 0,
        "bbox": [
            417.9505920410156,
            206.29144287109375,
            321.9408874511719,
            243.30438232421875
        ],
        "score": 0.9864024519920349
    },
    {
        "image_id": 2,
        "category_id": 0,
        "bbox": [
            403.0758056640625,
            67.66819763183594,
            165.8575439453125,
            155.2781982421875
        ],
        "score": 0.9736962914466858
    },
    {
        "image_id": 2,
        "category_id": 0,
        "bbox": [
            504.4849853515625,
            452.6011962890625,
            87.32110595703125,
            198.361083984375
        ],
        "score": 0.6744418144226074
    },
    {
        "image_id": 2,
        "category_id": 0,
        "bbox": [
            412.9098815917969,
            466.9497985839844,
            64.17294311523438,
            222.82363891601562
        ],
        "score": 0.5707336068153381
    },
    {
        "image_id": 3,
        "category_id": 0,
        "bbox": [
            546.8712158203125,
            591.9891967773438,
            157.83624267578125,
            220.318115234375
        ],
        "score": 0.9892227649688721
    },
    {
        "image_id": 4,
        "category_id": 0,
        "bbox": [
            493.1929016113281,
            228.4910430908203,
            174.27352905273438,
            187.74269104003906
        ],
        "score": 0.9863955974578857
    },
    {
        "image_id": 4,
        "category_id": 0,
        "bbox": [
            138.50025939941406,
            331.9674377441406,
            292.5828857421875,
            396.6885681152344
        ],
        "score": 0.7081098556518555
    },
    {
        "image_id": 4,
        "category_id": 0,
        "bbox": [
            583.0554809570312,
            293.9696350097656,
            267.857666015625,
            416.9052429199219
        ],
        "score": 0.6675459742546082
    },
    {
        "image_id": 4,
        "category_id": 0,
        "bbox": [
            362.2354736328125,
            330.3554382324219,
            243.527099609375,
            207.60946655273438
        ],
        "score": 0.6419808864593506
    },
    {
        "image_id": 5,
        "category_id": 0,
        "bbox": [
            416.008056640625,
            619.2525024414062,
            191.21136474609375,
            146.855224609375
        ],
        "score": 0.9908170700073242
    },
    {
        "image_id": 6,
        "category_id": 0,
        "bbox": [
            514.0772705078125,
            752.4127807617188,
            92.60882568359375,
            225.973388671875
        ],
        "score": 0.9822853803634644
    },
    {
        "image_id": 7,
        "category_id": 0,
        "bbox": [
            461.6064147949219,
            191.8710174560547,
            163.80599975585938,
            273.77490234375
        ],
        "score": 0.9915191531181335
    },
    {
        "image_id": 8,
        "category_id": 0,
        "bbox": [
            434.2827453613281,
            428.879150390625,
            198.56362915039062,
            163.3487548828125
        ],
        "score": 0.9900065660476685
    },
    {
        "image_id": 9,
        "category_id": 0,
        "bbox": [
            600.0284423828125,
            759.3712768554688,
            102.61029052734375,
            266.43670654296875
        ],
        "score": 0.9848883152008057
    },
    {
        "image_id": 10,
        "category_id": 0,
        "bbox": [
            562.5377197265625,
            620.8355712890625,
            210.02349853515625,
            243.060791015625
        ],
        "score": 0.9850490689277649
    },
    {
        "image_id": 11,
        "category_id": 0,
        "bbox": [
            576.8071899414062,
            717.63916015625,
            133.41021728515625,
            197.70989990234375
        ],
        "score": 0.9883196353912354
    },
    {
        "image_id": 12,
        "category_id": 0,
        "bbox": [
            580.8231201171875,
            607.0191650390625,
            399.4105224609375,
            217.72637939453125
        ],
        "score": 0.9882502555847168
    },
    {
        "image_id": 13,
        "category_id": 0,
        "bbox": [
            379.39202880859375,
            406.3873596191406,
            346.3011474609375,
            306.3937072753906
        ],
        "score": 0.9879937171936035
    },
    {
        "image_id": 14,
        "category_id": 0,
        "bbox": [
            484.0317077636719,
            807.304443359375,
            240.42117309570312,
            214.470703125
        ],
        "score": 0.9956627488136292
    },
    {
        "image_id": 15,
        "category_id": 0,
        "bbox": [
            636.3911743164062,
            597.7069702148438,
            161.35833740234375,
            190.37237548828125
        ],
        "score": 0.9752065539360046
    },
    {
        "image_id": 16,
        "category_id": 0,
        "bbox": [
            372.3824462890625,
            487.0820617675781,
            380.42071533203125,
            372.6029357910156
        ],
        "score": 0.9783949851989746
    },
    {
        "image_id": 17,
        "category_id": 0,
        "bbox": [
            635.0172729492188,
            405.2874450683594,
            144.83203125,
            237.34072875976562
        ],
        "score": 0.9787330031394958
    },
    {
        "image_id": 18,
        "category_id": 0,
        "bbox": [
            224.29200744628906,
            473.0149841308594,
            409.6522216796875,
            145.89138793945312
        ],
        "score": 0.9748128652572632
    },
    {
        "image_id": 19,
        "category_id": 0,
        "bbox": [
            418.6530456542969,
            531.9480590820312,
            277.9583435058594,
            406.19390869140625
        ],
        "score": 0.9863014221191406
    },
    {
        "image_id": 19,
        "category_id": 0,
        "bbox": [
            484.2574768066406,
            495.6302490234375,
            290.4457702636719,
            158.50885009765625
        ],
        "score": 0.9481624960899353
    }
]