{"info":{"year":"2024","version":"3","description":"Exported from roboflow.com","contributor":"","url":"https://public.roboflow.com/object-detection/undefined","date_created":"2024-05-15T08:22:54+00:00"},"licenses":[{"id":1,"url":"https://creativecommons.org/licenses/by/4.0/","name":"CC BY 4.0"}],"categories":[{"id":0,"name":"waldo","supercategory":"none"},{"id":1,"name":"Waldo","supercategory":"waldo"}],"images":[{"id":0,"license":1,"file_name":"image3_jpeg.rf.1eae1d25e32312f676ef0bf827d08e73.jpg","height":1080,"width":1080,"date_captured":"2024-05-15T08:22:54+00:00"},{"id":1,"license":1,"file_name":"image8_jpeg.rf.2591b2c76d29d6b487425cd9099abee5.jpg","height":1080,"width":1080,"date_captured":"2024-05-15T08:22:54+00:00"},{"id":2,"license":1,"file_name":"image13_jpeg.rf.c494e37e358fe587ac0861ed61a3f3bf.jpg","height":1080,"width":1080,"date_captured":"2024-05-15T08:22:54+00:00"},{"id":3,"license":1,"file_name":"image22_jpeg.rf.0404eccd3d2ed7fdc9a1077d7ab86115.jpg","height":1080,"width":1080,"date_captured":"2024-05-15T08:22:54+00:00"},{"id":4,"license":1,"file_name":"image2_jpeg.rf.87b909e74ac83d938be350fae43ccaa7.jpg","height":1080,"width":1080,"date_captured":"2024-05-15T08:22:54+00:00"},{"id":5,"license":1,"file_name":"image14_jpeg.rf.1d203496da0364120d6e7009f4433d71.jpg","height":1080,"width":1080,"date_captured":"2024-05-15T08:22:54+00:00"},{"id":6,"license":1,"file_name":"image23_jpeg.rf.6c9e2da4a654b35bc3d5497baab6c828.jpg","height":1080,"width":1080,"date_captured":"2024-05-15T08:22:54+00:00"},{"id":7,"license":1,"file_name":"image10_jpeg.rf.0e8499612c5b09b40bcb406813fbc611.jpg","height":1080,"width":1080,"date_captured":"2024-05-15T08:22:54+00:00"},{"id":8,"license":1,"file_name":"image20_jpeg.rf.7242d1e07eeb0d8eb520393038155ad2.jpg","height":1080,"width":1080,"date_captured":"2024-05-15T08:22:54+00:00"},{"id":9,"license":1,"file_name":"image19_jpeg.rf.8dc014bcbb931cde8b470b62267df629.jpg","height":1080,"width":1080,"date_captured":"2024-05-15T08:22:54+00:00"},{"id":10,"license":1,"file_name":"image18_jpeg.rf.0d32d2e3a16f0a4a9c90bc7949d221e7.jpg","height":1080,"width":1080,"date_captured":"2024-05-15T08:22:54+00:00"},{"id":11,"license":1,"file_name":"image21_jpeg.rf.13206e42d1815417ec53d5c7f055735f.jpg","height":1080,"width":1080,"date_captured":"2024-05-15T08:22:54+00:00"},{"id":12,"license":1,"file_name":"image24_jpeg.rf.ef75f58cd8f744f8e96938cebb8f0231.jpg","height":1080,"width":1080,"date_captured":"2024-05-15T08:22:54+00:00"},{"id":13,"license":1,"file_name":"image9_jpeg.rf.0dc1c0f92b1276cbf1dfd8a6abd809e8.jpg","height":1080,"width":1080,"date_captured":"2024-05-15T08:22:54+00:00"},{"id":14,"license":1,"file_name":"image0_jpeg.rf.b2eadff7b2be47e99a2889293d0a890b.jpg","height":1080,"width":1080,"date_captured":"2024-05-15T08:22:54+00:00"},{"id":15,"license":1,"file_name":"image17_jpeg.rf.abe4a80de4606e0e393926657ce4d879.jpg","height":1080,"width":1080,"date_captured":"2024-05-15T08:22:54+00:00"},{"id":16,"license":1,"file_name":"image16_jpeg.rf.7b346fccc4cf5bfec0ab7a06b46a4964.jpg","height":1080,"width":1080,"date_captured":"2024-05-15T08:22:54+00:00"},{"id":17,"license":1,"file_name":"image1_jpeg.rf.e42f0c0f15a75e66ecf95a34cf51a39d.jpg","height":1080,"width":1080,"date_captured":"2024-05-15T08:22:54+00:00"},{"id":18,"license":1,"file_name":"image5_jpeg.rf.1f4682bdf918063637e3d914b50313bc.jpg","height":1080,"width":1080,"date_captured":"2024-05-15T08:22:54+00:00"},{"id":19,"license":1,"file_name":"image7_jpeg.rf.c35f7d53a3a8c3e123ae03b8002890e6.jpg","height":1080,"width":1080,"date_captured":"2024-05-15T08:22:54+00:00"}],"annotations":[{"id":0,"image_id":0,"category_id":1,"bbox":[635,403,148.5,242],"area":35937,"segmentation":[],"iscrowd":0},{"id":1,"image_id":1,"category_id":1,"bbox":[553,590,159,235.5],"area":37444.5,"segmentation":[],"iscrowd":0},{"id":2,"image_id":2,"category_id":1,"bbox":[363,480,385.5,387.5],"area":149381.25,"segmentation":[],"iscrowd":0},{"id":3,"image_id":3,"category_id":1,"bbox":[426,526,264.5,402.5],"area":106461.25,"segmentation":[],"iscrowd":0},{"id":4,"image_id":4,"category_id":1,"bbox":[478,464,211,389.5],"area":82184.5,"segmentation":[],"iscrowd":0},{"id":5,"image_id":5,"category_id":1,"bbox":[504,800,214.5,217.5],"area":46653.75,"segmentation":[],"iscrowd":0},{"id":6,"image_id":6,"category_id":1,"bbox":[642,594,133.5,198],"area":26433,"segmentation":[],"iscrowd":0},{"id":7,"image_id":7,"category_id":1,"bbox":[417,65,158,160],"area":25280,"segmentation":[],"iscrowd":0},{"id":8,"image_id":8,"category_id":1,"bbox":[514,750,89,223],"area":19847,"segmentation":[],"iscrowd":0},{"id":9,"image_id":9,"category_id":1,"bbox":[247,477,385.5,142],"area":54741,"segmentation":[],"iscrowd":0},{"id":10,"image_id":10,"category_id":1,"bbox":[602,751,98.5,273.5],"area":26939.75,"segmentation":[],"iscrowd":0},{"id":11,"image_id":11,"category_id":1,"bbox":[425,615,187,166.5],"area":31135.5,"segmentation":[],"iscrowd":0},{"id":12,"image_id":12,"category_id":1,"bbox":[383,407,350.5,310],"area":108655,"segmentation":[],"iscrowd":0},{"id":13,"image_id":13,"category_id":1,"bbox":[497,223,185.5,208],"area":38584,"segmentation":[],"iscrowd":0},{"id":14,"image_id":14,"category_id":1,"bbox":[437,204,301.5,247],"area":74470.5,"segmentation":[],"iscrowd":0},{"id":15,"image_id":15,"category_id":1,"bbox":[578,609,199,259],"area":51541,"segmentation":[],"iscrowd":0},{"id":16,"image_id":16,"category_id":1,"bbox":[582,712,132.5,206.5],"area":27361.25,"segmentation":[],"iscrowd":0},{"id":17,"image_id":17,"category_id":1,"bbox":[453,421,179.5,165],"area":29617.5,"segmentation":[],"iscrowd":0},{"id":18,"image_id":18,"category_id":1,"bbox":[595,605,378,217.5],"area":82215,"segmentation":[],"iscrowd":0},{"id":19,"image_id":19,"category_id":1,"bbox":[472,201,159,257],"area":40863,"segmentation":[],"iscrowd":0}]}