{
    "data_time": 0.007641566499998476,
    "eta_seconds": 82.85529587999804,
    "fast_rcnn/cls_accuracy": 0.619140625,
    "fast_rcnn/false_negative": 0.9265350877192983,
    "fast_rcnn/fg_cls_accuracy": 0.07346491228070175,
    "iteration": 19,
    "loss_box_reg": 0.3801754266023636,
    "loss_cls": 0.6713332831859589,
    "loss_rpn_cls": 0.016445321030914783,
    "loss_rpn_loc": 0.004687668289989233,
    "lr": 1.60675e-05,
    "rank_data_time": 0.007641566499998476,
    "roi_head/num_bg_samples": 114.75,
    "roi_head/num_fg_samples": 13.25,
    "rpn/num_neg_anchors": 252.75,
    "rpn/num_pos_anchors": 3.25,
    "time": 0.295911770999993,
    "total_loss": 1.0784283787943423
}
{
    "data_time": 0.008173014999997008,
    "eta_seconds": 77.20547600999879,
    "fast_rcnn/cls_accuracy": 0.875,
    "fast_rcnn/false_negative": 1.0,
    "fast_rcnn/fg_cls_accuracy": 0.0,
    "iteration": 39,
    "loss_box_reg": 0.40226390957832336,
    "loss_cls": 0.5392100811004639,
    "loss_rpn_cls": 0.018349886871874332,
    "loss_rpn_loc": 0.004530589561909437,
    "lr": 3.2717500000000007e-05,
    "rank_data_time": 0.008173014999997008,
    "roi_head/num_bg_samples": 115.0,
    "roi_head/num_fg_samples": 13.0,
    "rpn/num_neg_anchors": 253.0,
    "rpn/num_pos_anchors": 3.0,
    "time": 0.30720237900000313,
    "total_loss": 0.9656396461650729
}
{
    "data_time": 0.013219413499996335,
    "eta_seconds": 71.86657788000048,
    "fast_rcnn/cls_accuracy": 0.888671875,
    "fast_rcnn/false_negative": 1.0,
    "fast_rcnn/fg_cls_accuracy": 0.0,
    "iteration": 59,
    "loss_box_reg": 0.42089705169200897,
    "loss_cls": 0.40130674839019775,
    "loss_rpn_cls": 0.01663971832022071,
    "loss_rpn_loc": 0.004099255194887519,
    "lr": 4.93675e-05,
    "rank_data_time": 0.013219413499996335,
    "roi_head/num_bg_samples": 113.75,
    "roi_head/num_fg_samples": 14.25,
    "rpn/num_neg_anchors": 252.5,
    "rpn/num_pos_anchors": 3.5,
    "time": 0.3103622685000005,
    "total_loss": 0.8489205575315282
}
{
    "data_time": 0.012292780499990386,
    "eta_seconds": 69.49915368000148,
    "fast_rcnn/cls_accuracy": 0.890625,
    "fast_rcnn/false_negative": 1.0,
    "fast_rcnn/fg_cls_accuracy": 0.0,
    "iteration": 79,
    "loss_box_reg": 0.41763901710510254,
    "loss_cls": 0.3311227560043335,
    "loss_rpn_cls": 0.017326226457953453,
    "loss_rpn_loc": 0.004329807823523879,
    "lr": 6.60175e-05,
    "rank_data_time": 0.012292780499990386,
    "roi_head/num_bg_samples": 114.0,
    "roi_head/num_fg_samples": 14.0,
    "rpn/num_neg_anchors": 252.5,
    "rpn/num_pos_anchors": 3.5,
    "time": 0.35215729850000344,
    "total_loss": 0.7586031360551715
}
{
    "data_time": 0.006422128999986398,
    "eta_seconds": 62.701941499997815,
    "fast_rcnn/cls_accuracy": 0.880859375,
    "fast_rcnn/false_negative": 1.0,
    "fast_rcnn/fg_cls_accuracy": 0.0,
    "iteration": 99,
    "loss_box_reg": 0.41627004742622375,
    "loss_cls": 0.3063175529241562,
    "loss_rpn_cls": 0.01477099908515811,
    "loss_rpn_loc": 0.00419034156948328,
    "lr": 8.266750000000001e-05,
    "rank_data_time": 0.006422128999986398,
    "roi_head/num_bg_samples": 112.75,
    "roi_head/num_fg_samples": 15.25,
    "rpn/num_neg_anchors": 252.75,
    "rpn/num_pos_anchors": 3.25,
    "time": 0.30018074900002034,
    "total_loss": 0.748905933345668
}
{
    "data_time": 0.007555621500017651,
    "eta_seconds": 57.37364171999786,
    "fast_rcnn/cls_accuracy": 0.8828125,
    "fast_rcnn/false_negative": 1.0,
    "fast_rcnn/fg_cls_accuracy": 0.0,
    "iteration": 119,
    "loss_box_reg": 0.4415954053401947,
    "loss_cls": 0.28590574860572815,
    "loss_rpn_cls": 0.010622930247336626,
    "loss_rpn_loc": 0.003414110979065299,
    "lr": 9.93175e-05,
    "rank_data_time": 0.007555621500017651,
    "roi_head/num_bg_samples": 113.0,
    "roi_head/num_fg_samples": 15.0,
    "rpn/num_neg_anchors": 253.0,
    "rpn/num_pos_anchors": 3.0,
    "time": 0.32842384649998735,
    "total_loss": 0.7394016707548872
}
{
    "data_time": 0.012764323000027389,
    "eta_seconds": 49.73560784000256,
    "fast_rcnn/cls_accuracy": 0.865234375,
    "fast_rcnn/false_negative": 1.0,
    "fast_rcnn/fg_cls_accuracy": 0.0,
    "iteration": 139,
    "loss_box_reg": 0.4754135459661484,
    "loss_cls": 0.27451087534427643,
    "loss_rpn_cls": 0.009500484447926283,
    "loss_rpn_loc": 0.0025853024562820792,
    "lr": 0.0001159675,
    "rank_data_time": 0.012764323000027389,
    "roi_head/num_bg_samples": 110.75,
    "roi_head/num_fg_samples": 17.25,
    "rpn/num_neg_anchors": 253.0,
    "rpn/num_pos_anchors": 3.0,
    "time": 0.29839281350001556,
    "total_loss": 0.7687104865908623
}
{
    "data_time": 0.01380191899997385,
    "eta_seconds": 43.61709450000092,
    "fast_rcnn/cls_accuracy": 0.859375,
    "fast_rcnn/false_negative": 1.0,
    "fast_rcnn/fg_cls_accuracy": 0.0,
    "iteration": 159,
    "loss_box_reg": 0.5003198385238647,
    "loss_cls": 0.2509697750210762,
    "loss_rpn_cls": 0.008531817235052586,
    "loss_rpn_loc": 0.0026788917602971196,
    "lr": 0.0001326175,
    "rank_data_time": 0.01380191899997385,
    "roi_head/num_bg_samples": 109.75,
    "roi_head/num_fg_samples": 18.25,
    "rpn/num_neg_anchors": 253.0,
    "rpn/num_pos_anchors": 3.0,
    "time": 0.3187069389999806,
    "total_loss": 0.7650973784038797
}
{
    "data_time": 0.011665055000008806,
    "eta_seconds": 36.62476727999774,
    "fast_rcnn/cls_accuracy": 0.88671875,
    "fast_rcnn/false_negative": 0.772203947368421,
    "fast_rcnn/fg_cls_accuracy": 0.22779605263157893,
    "iteration": 179,
    "loss_box_reg": 0.47763004899024963,
    "loss_cls": 0.2112482562661171,
    "loss_rpn_cls": 0.0076447350438684225,
    "loss_rpn_loc": 0.002500873524695635,
    "lr": 0.0001492675,
    "rank_data_time": 0.011665055000008806,
    "roi_head/num_bg_samples": 109.25,
    "roi_head/num_fg_samples": 18.75,
    "rpn/num_neg_anchors": 253.0,
    "rpn/num_pos_anchors": 3.0,
    "time": 0.294526908999984,
    "total_loss": 0.7208559775026515
}
{
    "data_time": 0.012325012000019342,
    "eta_seconds": 30.9872900000002,
    "fast_rcnn/cls_accuracy": 0.919921875,
    "fast_rcnn/false_negative": 0.48552522746071136,
    "fast_rcnn/fg_cls_accuracy": 0.5144747725392886,
    "iteration": 199,
    "loss_box_reg": 0.509135365486145,
    "loss_cls": 0.18573570251464844,
    "loss_rpn_cls": 0.0036739304196089506,
    "loss_rpn_loc": 0.002542335889302194,
    "lr": 0.0001659175,
    "rank_data_time": 0.012325012000019342,
    "roi_head/num_bg_samples": 108.75,
    "roi_head/num_fg_samples": 19.25,
    "rpn/num_neg_anchors": 253.0,
    "rpn/num_pos_anchors": 3.0,
    "time": 0.34191143050000505,
    "total_loss": 0.7123874478274956
}
{
    "data_time": 0.01311053449998667,
    "eta_seconds": 24.636724240001513,
    "fast_rcnn/cls_accuracy": 0.96875,
    "fast_rcnn/false_negative": 0.08759590792838876,
    "fast_rcnn/fg_cls_accuracy": 0.9124040920716112,
    "iteration": 219,
    "loss_box_reg": 0.5033730566501617,
    "loss_cls": 0.14190071821212769,
    "loss_rpn_cls": 0.0038747028447687626,
    "loss_rpn_loc": 0.0018580075702629983,
    "lr": 0.0001825675,
    "rank_data_time": 0.01311053449998667,
    "roi_head/num_bg_samples": 106.5,
    "roi_head/num_fg_samples": 21.5,
    "rpn/num_neg_anchors": 253.0,
    "rpn/num_pos_anchors": 3.0,
    "time": 0.307010715500013,
    "total_loss": 0.6427171967225149
}
{
    "data_time": 0.006563786499981461,
    "eta_seconds": 18.65085294000096,
    "fast_rcnn/cls_accuracy": 0.98046875,
    "fast_rcnn/false_negative": 0.020842379504993486,
    "fast_rcnn/fg_cls_accuracy": 0.9791576204950065,
    "iteration": 239,
    "loss_box_reg": 0.4191157668828964,
    "loss_cls": 0.10172371193766594,
    "loss_rpn_cls": 0.003178375423885882,
    "loss_rpn_loc": 0.002267979667522013,
    "lr": 0.0001992175,
    "rank_data_time": 0.006563786499981461,
    "roi_head/num_bg_samples": 105.5,
    "roi_head/num_fg_samples": 22.5,
    "rpn/num_neg_anchors": 252.5,
    "rpn/num_pos_anchors": 3.5,
    "time": 0.33740778799997884,
    "total_loss": 0.5543062670622021
}
{
    "data_time": 0.012783164000012448,
    "eta_seconds": 12.361420940000585,
    "fast_rcnn/cls_accuracy": 0.982421875,
    "fast_rcnn/false_negative": 0.008620689655172414,
    "fast_rcnn/fg_cls_accuracy": 0.9913793103448276,
    "iteration": 259,
    "loss_box_reg": 0.32385237514972687,
    "loss_cls": 0.07358880713582039,
    "loss_rpn_cls": 0.004989076871424913,
    "loss_rpn_loc": 0.002184719662182033,
    "lr": 0.0002158675,
    "rank_data_time": 0.012783164000012448,
    "roi_head/num_bg_samples": 104.25,
    "roi_head/num_fg_samples": 23.75,
    "rpn/num_neg_anchors": 253.0,
    "rpn/num_pos_anchors": 3.0,
    "time": 0.30606904399999735,
    "total_loss": 0.41166967187746195
}
{
    "data_time": 0.007989667000032341,
    "eta_seconds": 6.2232287800003405,
    "fast_rcnn/cls_accuracy": 0.986328125,
    "fast_rcnn/false_negative": 0.0,
    "fast_rcnn/fg_cls_accuracy": 1.0,
    "iteration": 279,
    "loss_box_reg": 0.21333226561546326,
    "loss_cls": 0.05816797353327274,
    "loss_rpn_cls": 0.00020794838928850368,
    "loss_rpn_loc": 0.002655007177963853,
    "lr": 0.00023251750000000002,
    "rank_data_time": 0.007989667000032341,
    "roi_head/num_bg_samples": 103.0,
    "roi_head/num_fg_samples": 25.0,
    "rpn/num_neg_anchors": 252.5,
    "rpn/num_pos_anchors": 3.5,
    "time": 0.3355924549999827,
    "total_loss": 0.2734696098777931
}
{
    "data_time": 0.012343131500017535,
    "eta_seconds": 0.0,
    "fast_rcnn/cls_accuracy": 0.98828125,
    "fast_rcnn/false_negative": 0.01805465191932336,
    "fast_rcnn/fg_cls_accuracy": 0.9819453480806766,
    "iteration": 299,
    "loss_box_reg": 0.17878051847219467,
    "loss_cls": 0.04981709271669388,
    "loss_rpn_cls": 0.0003538986129569821,
    "loss_rpn_loc": 0.002691251109354198,
    "lr": 0.0002491675,
    "rank_data_time": 0.012343131500017535,
    "roi_head/num_bg_samples": 102.0,
    "roi_head/num_fg_samples": 26.0,
    "rpn/num_neg_anchors": 252.5,
    "rpn/num_pos_anchors": 3.5,
    "time": 0.3154286170000091,
    "total_loss": 0.2329922405187972
}