{"info":{"year":"2024","version":"4","description":"Exported from roboflow.com","contributor":"","url":"https://public.roboflow.com/object-detection/undefined","date_created":"2024-05-15T08:36:07+00:00"},"licenses":[{"id":1,"url":"https://creativecommons.org/licenses/by/4.0/","name":"CC BY 4.0"}],"categories":[{"id":0,"name":"waldo","supercategory":"none"},{"id":1,"name":"waldo","supercategory":"waldo"}],"images":[{"id":0,"license":1,"file_name":"image2_jpeg.rf.358c134fcc8ffd96c8cfc4005a0179ef.jpg","height":1080,"width":1080,"date_captured":"2024-05-15T08:36:07+00:00"},{"id":1,"license":1,"file_name":"image0_jpeg.rf.9fca2ac5698b0dd208a1477cd5ea4ba8.jpg","height":1080,"width":1080,"date_captured":"2024-05-15T08:36:07+00:00"},{"id":2,"license":1,"file_name":"image10_jpeg.rf.18907e55497e8590aa2fca2d6c1a4553.jpg","height":1080,"width":1080,"date_captured":"2024-05-15T08:36:07+00:00"},{"id":3,"license":1,"file_name":"image8_jpeg.rf.73eb2680b280786031f0ceaa07fe4bc5.jpg","height":1080,"width":1080,"date_captured":"2024-05-15T08:36:07+00:00"},{"id":4,"license":1,"file_name":"image9_jpeg.rf.d387bc0e2cea70e37322d28a29816e35.jpg","height":1080,"width":1080,"date_captured":"2024-05-15T08:36:07+00:00"},{"id":5,"license":1,"file_name":"image21_jpeg.rf.576e4eb306ebc6570a5f15c87b27ddf6.jpg","height":1080,"width":1080,"date_captured":"2024-05-15T08:36:07+00:00"},{"id":6,"license":1,"file_name":"image20_jpeg.rf.ec83a177ff1cbb20d9f5972585cb16b8.jpg","height":1080,"width":1080,"date_captured":"2024-05-15T08:36:07+00:00"},{"id":7,"license":1,"file_name":"image7_jpeg.rf.0325babb1f56b3d1fc46c33f7dea2ecc.jpg","height":1080,"width":1080,"date_captured":"2024-05-15T08:36:07+00:00"},{"id":8,"license":1,"file_name":"image1_jpeg.rf.ad3b8d745af7493e6dade5d88b32aa16.jpg","height":1080,"width":1080,"date_captured":"2024-05-15T08:36:07+00:00"},{"id":9,"license":1,"file_name":"image18_jpeg.rf.3737f36b15b68f2697309faf32576fbb.jpg","height":1080,"width":1080,"date_captured":"2024-05-15T08:36:07+00:00"},{"id":10,"license":1,"file_name":"image17_jpeg.rf.bd9d5910640b1184d18334be9eb68602.jpg","height":1080,"width":1080,"date_captured":"2024-05-15T08:36:07+00:00"},{"id":11,"license":1,"file_name":"image16_jpeg.rf.044c7b7e727f609e1add7bbf4272cec6.jpg","height":1080,"width":1080,"date_captured":"2024-05-15T08:36:07+00:00"},{"id":12,"license":1,"file_name":"image5_jpeg.rf.c15d705c32f60d6e82f942922f2ca15e.jpg","height":1080,"width":1080,"date_captured":"2024-05-15T08:36:07+00:00"},{"id":13,"license":1,"file_name":"image24_jpeg.rf.bc873b447581eb1f465352d274a58627.jpg","height":1080,"width":1080,"date_captured":"2024-05-15T08:36:07+00:00"},{"id":14,"license":1,"file_name":"image14_jpeg.rf.f80f746f8bde95bf25f40827511d5ae0.jpg","height":1080,"width":1080,"date_captured":"2024-05-15T08:36:07+00:00"},{"id":15,"license":1,"file_name":"image23_jpeg.rf.a3e3176eca51078d95b274137add61e9.jpg","height":1080,"width":1080,"date_captured":"2024-05-15T08:36:07+00:00"},{"id":16,"license":1,"file_name":"image13_jpeg.rf.f4f7dad25c3d76f50be87c61bf4297f3.jpg","height":1080,"width":1080,"date_captured":"2024-05-15T08:36:07+00:00"},{"id":17,"license":1,"file_name":"image3_jpeg.rf.ad4fe0d6c8c8e5a0c8aa8bed9203d942.jpg","height":1080,"width":1080,"date_captured":"2024-05-15T08:36:07+00:00"},{"id":18,"license":1,"file_name":"image19_jpeg.rf.79a4fec25f507142150cf416698572f5.jpg","height":1080,"width":1080,"date_captured":"2024-05-15T08:36:07+00:00"},{"id":19,"license":1,"file_name":"image22_jpeg.rf.c071c1d983ff7ddae452a43a6facc004.jpg","height":1080,"width":1080,"date_captured":"2024-05-15T08:36:07+00:00"}],"annotations":[{"id":0,"image_id":0,"category_id":1,"bbox":[478,464,211,389.5],"area":82184.5,"segmentation":[],"iscrowd":0},{"id":1,"image_id":1,"category_id":1,"bbox":[437,204,301.5,247],"area":74470.5,"segmentation":[],"iscrowd":0},{"id":2,"image_id":2,"category_id":1,"bbox":[417,65,158,160],"area":25280,"segmentation":[],"iscrowd":0},{"id":3,"image_id":3,"category_id":1,"bbox":[553,590,159,235.5],"area":37444.5,"segmentation":[],"iscrowd":0},{"id":4,"image_id":4,"category_id":1,"bbox":[497,223,185.5,208],"area":38584,"segmentation":[],"iscrowd":0},{"id":5,"image_id":5,"category_id":1,"bbox":[425,615,187,166.5],"area":31135.5,"segmentation":[],"iscrowd":0},{"id":6,"image_id":6,"category_id":1,"bbox":[514,750,89,223],"area":19847,"segmentation":[],"iscrowd":0},{"id":7,"image_id":7,"category_id":1,"bbox":[472,201,159,257],"area":40863,"segmentation":[],"iscrowd":0},{"id":8,"image_id":8,"category_id":1,"bbox":[453,421,179.5,165],"area":29617.5,"segmentation":[],"iscrowd":0},{"id":9,"image_id":9,"category_id":1,"bbox":[602,751,98.5,273.5],"area":26939.75,"segmentation":[],"iscrowd":0},{"id":10,"image_id":10,"category_id":1,"bbox":[578,609,199,259],"area":51541,"segmentation":[],"iscrowd":0},{"id":11,"image_id":11,"category_id":1,"bbox":[582,712,132.5,206.5],"area":27361.25,"segmentation":[],"iscrowd":0},{"id":12,"image_id":12,"category_id":1,"bbox":[595,605,378,217.5],"area":82215,"segmentation":[],"iscrowd":0},{"id":13,"image_id":13,"category_id":1,"bbox":[383,407,350.5,310],"area":108655,"segmentation":[],"iscrowd":0},{"id":14,"image_id":14,"category_id":1,"bbox":[504,800,214.5,217.5],"area":46653.75,"segmentation":[],"iscrowd":0},{"id":15,"image_id":15,"category_id":1,"bbox":[642,594,133.5,198],"area":26433,"segmentation":[],"iscrowd":0},{"id":16,"image_id":16,"category_id":1,"bbox":[363,480,385.5,387.5],"area":149381.25,"segmentation":[],"iscrowd":0},{"id":17,"image_id":17,"category_id":1,"bbox":[635,403,148.5,242],"area":35937,"segmentation":[],"iscrowd":0},{"id":18,"image_id":18,"category_id":1,"bbox":[247,477,385.5,142],"area":54741,"segmentation":[],"iscrowd":0},{"id":19,"image_id":19,"category_id":1,"bbox":[426,526,264.5,402.5],"area":106461.25,"segmentation":[],"iscrowd":0}]}